{
    "rmse": 0.6489142904066607,
    "mae": 0.5149874284988258,
    "r2": 0.26890966397156124
}